{"type": "block", "layer": 0, "block": 0, "features": [{"geom": {"pts": [[-92231.86898788344, 134835.2670761831, 4500.7025146484375]], "r": 100}, "mtl": {"idx": 0}, "lbl": "Namangan shahri", "lh": 500.0}, {"geom": {"pts": [[-14971.428467219695, 102233.52625927515, 4955.509033203125]], "r": 100}, "mtl": {"idx": 0}, "lbl": "Andijon shahri", "lh": 500.0}, {"geom": {"pts": [[-75872.16922650114, 43485.22963027377, 5989.488525390625]], "r": 100}, "mtl": {"idx": 0}, "lbl": "Farg'ona shahri", "lh": 500.0}], "featureCount": 3, "startIndex": 0}